Id,GarageYrBlt,7.239023599542003e-05
GarageYrBlt,Id,7.239023599542003e-05
3SsnPorch,BsmtFullBath,0.00010609153998427328
BsmtFullBath,3SsnPorch,0.00010609153998427328
TotalBsmtSF,BsmtHalfBath,0.00031458181983372096
BsmtHalfBath,TotalBsmtSF,0.00031458181983372096
3SsnPorch,MiscVal,0.00035396527793933553
MiscVal,3SsnPorch,0.00035396527793933553
OpenPorchSF,Id,0.00047691132479109967
Id,OpenPorchSF,0.00047691132479109967
FullBath,LowQualFinSF,0.0007095096206728
LowQualFinSF,FullBath,0.0007095096206728
YrSold,Id,0.0007117940170476534
Id,YrSold,0.0007117940170476534
GarageYrBlt,YrSold,0.001014277871289831
YrSold,GarageYrBlt,0.001014277871289831
MoSold,LotArea,0.0012049882225877388
LotArea,MoSold,0.0012049882225877388
MiscVal,HalfBath,0.0012901448492835638
HalfBath,MiscVal,0.0012901448492835638
Id,ScreenPorch,0.0013302086301727792
ScreenPorch,Id,0.0013302086301727792
MiscVal,Fireplaces,0.0014086054430456946
Fireplaces,MiscVal,0.0014086054430456946
1stFlrSF,BsmtHalfBath,0.001955653582048776
BsmtHalfBath,1stFlrSF,0.001955653582048776
PoolArea,OverallCond,0.0019849422681843475
OverallCond,PoolArea,0.0019849422681843475
BsmtFullBath,Id,0.002288555600833932
Id,BsmtFullBath,0.002288555600833932
BsmtHalfBath,MSSubClass,0.0023325345518021793
MSSubClass,BsmtHalfBath,0.0023325345518021793
MiscVal,GrLivArea,0.0024156395502937167
GrLivArea,MiscVal,0.0024156395502937167
BsmtUnfSF,EnclosedPorch,0.0025378545897515683
EnclosedPorch,BsmtUnfSF,0.0025378545897515683
LotArea,BsmtUnfSF,0.0026183599500954335
BsmtUnfSF,LotArea,0.0026183599500954335
EnclosedPorch,Id,0.002889217865750098
Id,EnclosedPorch,0.002889217865750098
KitchenAbvGr,Id,0.0029512363577246527
Id,KitchenAbvGr,0.0029512363577246527
OpenPorchSF,BsmtFinSF2,0.0030925622098945888
BsmtFinSF2,OpenPorchSF,0.0030925622098945888
WoodDeckSF,OverallCond,0.00333369928938553
OverallCond,WoodDeckSF,0.00333369928938553
MiscVal,LotFrontage,0.0033675565961912833
LotFrontage,MiscVal,0.0033675565961912833
MSSubClass,BsmtFullBath,0.00349102577904494
BsmtFullBath,MSSubClass,0.00349102577904494
OverallCond,MoSold,0.0035108385999397577
MoSold,OverallCond,0.0035108385999397577
MiscVal,BsmtFinSF1,0.003571473474954832
BsmtFinSF1,MiscVal,0.003571473474954832
MiscVal,LowQualFinSF,0.0037928707799966834
LowQualFinSF,MiscVal,0.0037928707799966834
TotRmsAbvGrd,EnclosedPorch,0.004151299023856478
EnclosedPorch,TotRmsAbvGrd,0.004151299023856478
HalfBath,BsmtFinSF1,0.004262424384486897
BsmtFinSF1,HalfBath,0.004262424384486897
LowQualFinSF,3SsnPorch,0.004295610410300117
3SsnPorch,LowQualFinSF,0.004295610410300117
2ndFlrSF,BsmtUnfSF,0.004469092144542394
BsmtUnfSF,2ndFlrSF,0.004469092144542394
LowQualFinSF,LotArea,0.004778969866349652
LotArea,LowQualFinSF,0.004778969866349652
MiscVal,YrSold,0.004906262452666667
YrSold,MiscVal,0.004906262452666667
MiscVal,BsmtFinSF2,0.0049397812284377755
BsmtFinSF2,MiscVal,0.0049397812284377755
PoolArea,YearBuilt,0.00494972761594348
YearBuilt,PoolArea,0.00494972761594348
3SsnPorch,HalfBath,0.004972488417316253
HalfBath,3SsnPorch,0.004972488417316253
BsmtFinSF1,Id,0.0050240490416610575
Id,BsmtFinSF1,0.0050240490416610575
BsmtUnfSF,WoodDeckSF,0.005316424333062044
WoodDeckSF,BsmtUnfSF,0.005316424333062044
MoSold,GarageYrBlt,0.005337025760369664
GarageYrBlt,MoSold,0.005337025760369664
FullBath,Id,0.005587452907357383
Id,FullBath,0.005587452907357383
Id,2ndFlrSF,0.005589848886158616
2ndFlrSF,Id,0.005589848886158616
OverallCond,LotArea,0.005636270274099174
LotArea,OverallCond,0.005636270274099174
PoolArea,YearRemodAdd,0.0058293720371077355
YearRemodAdd,PoolArea,0.0058293720371077355
BsmtHalfBath,LowQualFinSF,0.005841504819311943
LowQualFinSF,BsmtHalfBath,0.005841504819311943
3SsnPorch,OpenPorchSF,0.005842499340135787
OpenPorchSF,3SsnPorch,0.005842499340135787
MasVnrArea,MoSold,0.0059647155091142635
MoSold,MasVnrArea,0.0059647155091142635
BsmtFinSF2,Id,0.005967671960281668
Id,BsmtFinSF2,0.005967671960281668
KitchenAbvGr,LotFrontage,0.006068830161309095
LotFrontage,KitchenAbvGr,0.006068830161309095
OpenPorchSF,MSSubClass,0.0061001212319422415
MSSubClass,OpenPorchSF,0.0061001212319422415
Id,MiscVal,0.0062424048483025575
MiscVal,Id,0.0062424048483025575
MoSold,MiscVal,0.0064945502212819676
MiscVal,MoSold,0.0064945502212819676
3SsnPorch,TotRmsAbvGrd,0.006683241010939456
TotRmsAbvGrd,3SsnPorch,0.006683241010939456
Id,HalfBath,0.006783811284297757
HalfBath,Id,0.006783811284297757
BsmtHalfBath,LotFrontage,0.007234304524918143
LotFrontage,BsmtHalfBath,0.007234304524918143
MiscVal,BsmtHalfBath,0.007366524543625966
BsmtHalfBath,MiscVal,0.007366524543625966
YrSold,LotFrontage,0.007449589209775585
LotFrontage,YrSold,0.007449589209775585
KitchenAbvGr,LowQualFinSF,0.007521744344234544
LowQualFinSF,KitchenAbvGr,0.007521744344234544
MSSubClass,MiscVal,0.007683291329866207
MiscVal,MSSubClass,0.007683291329866207
MiscVal,BedroomAbvGr,0.007766971998717766
BedroomAbvGr,MiscVal,0.007766971998717766
Id,BsmtUnfSF,0.007939703357717261
BsmtUnfSF,Id,0.007939703357717261
3SsnPorch,PoolArea,0.007991548872868624
PoolArea,3SsnPorch,0.007991548872868624
ScreenPorch,FullBath,0.008106093328111913
FullBath,ScreenPorch,0.008106093328111913
YrSold,MasVnrArea,0.008201030967105458
MasVnrArea,YrSold,0.008201030967105458
GrLivArea,Id,0.008272757661810213
Id,GrLivArea,0.008272757661810213
PoolArea,MSSubClass,0.008282707579624323
MSSubClass,PoolArea,0.008282707579624323
EnclosedPorch,BsmtHalfBath,0.008555333868578433
BsmtHalfBath,EnclosedPorch,0.008555333868578433
MoSold,HalfBath,0.009049888212650297
HalfBath,MoSold,0.009049888212650297
GrLivArea,EnclosedPorch,0.009113210326003124
EnclosedPorch,GrLivArea,0.009113210326003124
WoodDeckSF,MiscVal,0.009551228238372386
MiscVal,WoodDeckSF,0.009551228238372386
GrLivArea,BsmtFinSF2,0.00963989155180548
BsmtFinSF2,GrLivArea,0.00963989155180548
YrSold,EnclosedPorch,0.009915936955525128
EnclosedPorch,YrSold,0.009915936955525128
HalfBath,YrSold,0.010268668868104026
YrSold,HalfBath,0.010268668868104026
MiscVal,YearRemodAdd,0.010286248783081717
YearRemodAdd,MiscVal,0.010286248783081717
YearBuilt,2ndFlrSF,0.01030765958436373
2ndFlrSF,YearBuilt,0.01030765958436373
1stFlrSF,Id,0.010496040954083016
Id,1stFlrSF,0.010496040954083016
Id,LotFrontage,0.010600688552399245
LotFrontage,Id,0.010600688552399245
ScreenPorch,YrSold,0.010694106003783704
YrSold,ScreenPorch,0.010694106003783704
LotFrontage,EnclosedPorch,0.01070033663888262
EnclosedPorch,LotFrontage,0.01070033663888262
Id,MSSubClass,0.011156478201382672
MSSubClass,Id,0.011156478201382672
LotFrontage,MoSold,0.011199954759134191
MoSold,LotFrontage,0.011199954759134191
3SsnPorch,Fireplaces,0.011257238992774685
Fireplaces,3SsnPorch,0.011257238992774685
BsmtFinSF2,SalePrice,0.011378121450215216
SalePrice,BsmtFinSF2,0.011378121450215216
MasVnrArea,PoolArea,0.011723061213266746
PoolArea,MasVnrArea,0.011723061213266746
EnclosedPorch,MSSubClass,0.012036621902094572
MSSubClass,EnclosedPorch,0.012036621902094572
YearRemodAdd,BsmtHalfBath,0.01233703212779989
BsmtHalfBath,YearRemodAdd,0.01233703212779989
BsmtHalfBath,HalfBath,0.012339900052275348
HalfBath,BsmtHalfBath,0.012339900052275348
MoSold,YearBuilt,0.012398470595442182
YearBuilt,MoSold,0.012398470595442182
BsmtUnfSF,ScreenPorch,0.012579273444256776
ScreenPorch,BsmtUnfSF,0.012579273444256776
MSSubClass,WoodDeckSF,0.012579358249219704
WoodDeckSF,MSSubClass,0.012579358249219704
Id,OverallCond,0.012608924775951698
OverallCond,Id,0.012608924775951698
YearBuilt,Id,0.012712715387846654
Id,YearBuilt,0.012712715387846654
OverallCond,BedroomAbvGr,0.012980060094550657
BedroomAbvGr,OverallCond,0.012980060094550657
MoSold,TotalBsmtSF,0.013196178616778513
TotalBsmtSF,MoSold,0.013196178616778513
MSSubClass,MoSold,0.013584643238322446
MoSold,MSSubClass,0.013584643238322446
1stFlrSF,YrSold,0.013603770504648229
YrSold,1stFlrSF,0.013603770504648229
YearBuilt,YrSold,0.013617680001842058
YrSold,YearBuilt,0.013617680001842058
YearRemodAdd,LotArea,0.013788427078154822
LotArea,YearRemodAdd,0.013788427078154822
LotArea,YearBuilt,0.014227651757024678
YearBuilt,LotArea,0.014227651757024678
1stFlrSF,LowQualFinSF,0.014240672666431465
LowQualFinSF,1stFlrSF,0.014240672666431465
HalfBath,LotArea,0.014259468566431727
LotArea,HalfBath,0.014259468566431727
LotArea,YrSold,0.014261407298531923
YrSold,LotArea,0.014261407298531923
FullBath,MiscVal,0.01428984497085004
MiscVal,FullBath,0.01428984497085004
BsmtFinSF1,YrSold,0.014358922393912487
YrSold,BsmtFinSF1,0.014358922393912487
PoolArea,GarageYrBlt,0.014500678563704943
GarageYrBlt,PoolArea,0.014500678563704943
PoolArea,KitchenAbvGr,0.014525116015980933
KitchenAbvGr,PoolArea,0.014525116015980933
BsmtFinSF2,LowQualFinSF,0.014806997946834337
LowQualFinSF,BsmtFinSF2,0.014806997946834337
YrSold,TotalBsmtSF,0.01496864801875107
TotalBsmtSF,YrSold,0.01496864801875107
MoSold,BsmtFinSF2,0.015210737972006717
BsmtFinSF2,MoSold,0.015210737972006717
TotalBsmtSF,Id,0.015414566107910999
Id,TotalBsmtSF,0.015414566107910999
BsmtFinSF1,MoSold,0.015726948262154733
MoSold,BsmtFinSF1,0.015726948262154733
BsmtFinSF2,BedroomAbvGr,0.015728113626581382
BedroomAbvGr,BsmtFinSF2,0.015728113626581382
2ndFlrSF,MiscVal,0.01619687460438891
MiscVal,2ndFlrSF,0.01619687460438891
Id,GarageCars,0.016569677112146044
GarageCars,Id,0.016569677112146044
BsmtHalfBath,SalePrice,0.016844154297359294
SalePrice,BsmtHalfBath,0.016844154297359294
GarageArea,Id,0.017633778453766888
Id,GarageArea,0.017633778453766888
LotArea,KitchenAbvGr,0.017783870504841866
KitchenAbvGr,LotArea,0.017783870504841866
BsmtFinSF2,GarageArea,0.018226591907316646
GarageArea,BsmtFinSF2,0.018226591907316646
LowQualFinSF,OpenPorchSF,0.0182510390539997
OpenPorchSF,LowQualFinSF,0.0182510390539997
LotArea,EnclosedPorch,0.018339733672212276
EnclosedPorch,LotArea,0.018339733672212276
MiscVal,EnclosedPorch,0.01836060013944818
EnclosedPorch,MiscVal,0.01836060013944818
TotalBsmtSF,MiscVal,0.018478922431472533
MiscVal,TotalBsmtSF,0.018478922431472533
MiscVal,OpenPorchSF,0.018583738987649454
OpenPorchSF,MiscVal,0.018583738987649454
3SsnPorch,YrSold,0.018644925404743957
YrSold,3SsnPorch,0.018644925404743957
3SsnPorch,MasVnrArea,0.01879551529491412
MasVnrArea,3SsnPorch,0.01879551529491412
GrLivArea,BsmtHalfBath,0.018918483170635034
BsmtHalfBath,GrLivArea,0.018918483170635034
FullBath,YrSold,0.019668840691523498
YrSold,FullBath,0.019668840691523498
Fireplaces,Id,0.019771632442392516
Id,Fireplaces,0.019771632442392516
BsmtHalfBath,PoolArea,0.020024629838516175
PoolArea,BsmtHalfBath,0.020024629838516175
BsmtHalfBath,Id,0.02015474521553456
Id,BsmtHalfBath,0.02015474521553456
LotArea,3SsnPorch,0.020422829586133177
3SsnPorch,LotArea,0.020422829586133177
3SsnPorch,GrLivArea,0.0206431897101862
GrLivArea,3SsnPorch,0.0206431897101862
BsmtUnfSF,3SsnPorch,0.02076400569654775
3SsnPorch,BsmtUnfSF,0.02076400569654775
BsmtHalfBath,GarageCars,0.02089105899687898
GarageCars,BsmtHalfBath,0.02089105899687898
PoolArea,GarageCars,0.020933531041465493
GarageCars,PoolArea,0.020933531041465493
MoSold,WoodDeckSF,0.021011044294297343
WoodDeckSF,MoSold,0.021011044294297343
1stFlrSF,MiscVal,0.02109571946312286
MiscVal,1stFlrSF,0.02109571946312286
Id,MoSold,0.021172176550393426
MoSold,Id,0.021172176550393426
MiscVal,SalePrice,0.02118957964030379
SalePrice,MiscVal,0.02118957964030379
Fireplaces,LowQualFinSF,0.0212721434139402
LowQualFinSF,Fireplaces,0.0212721434139402
MSSubClass,YrSold,0.021407037851093803
YrSold,MSSubClass,0.021407037851093803
MoSold,YearRemodAdd,0.021490002226876855
YearRemodAdd,MoSold,0.021490002226876855
Id,SalePrice,0.021916719443431112
SalePrice,Id,0.021916719443431112
Id,YearRemodAdd,0.021997641857505437
YearRemodAdd,Id,0.021997641857505437
LowQualFinSF,MoSold,0.02217396057953832
MoSold,LowQualFinSF,0.02217396057953832
YrSold,WoodDeckSF,0.022270451009255326
WoodDeckSF,YrSold,0.022270451009255326
PoolArea,HalfBath,0.022381498055409857
HalfBath,PoolArea,0.022381498055409857
MasVnrArea,MSSubClass,0.022936285894197175
MSSubClass,MasVnrArea,0.022936285894197175
MiscVal,BsmtFullBath,0.023047024868617455
BsmtFullBath,MiscVal,0.023047024868617455
ScreenPorch,BsmtFullBath,0.023147725763573823
BsmtFullBath,ScreenPorch,0.023147725763573823
ScreenPorch,MoSold,0.023216991793306135
MoSold,ScreenPorch,0.023216991793306135
BedroomAbvGr,MSSubClass,0.02343802846062763
MSSubClass,BedroomAbvGr,0.02343802846062763
3SsnPorch,GarageYrBlt,0.023543689573667856
GarageYrBlt,3SsnPorch,0.023543689573667856
OverallCond,Fireplaces,0.02381997776166174
Fireplaces,OverallCond,0.02381997776166174
BsmtHalfBath,TotRmsAbvGrd,0.023836341262220805
TotRmsAbvGrd,BsmtHalfBath,0.023836341262220805
MiscVal,BsmtUnfSF,0.02383664513450834
BsmtUnfSF,MiscVal,0.02383664513450834
2ndFlrSF,BsmtHalfBath,0.02385478393704534
BsmtHalfBath,2ndFlrSF,0.02385478393704534
YrSold,Fireplaces,0.02409556498069903
Fireplaces,YrSold,0.02409556498069903
2ndFlrSF,3SsnPorch,0.0243576484220475
3SsnPorch,2ndFlrSF,0.0243576484220475
BedroomAbvGr,3SsnPorch,0.02447779636611465
3SsnPorch,BedroomAbvGr,0.02447779636611465
GarageArea,BsmtHalfBath,0.024535579578879658
BsmtHalfBath,GarageArea,0.024535579578879658
KitchenAbvGr,3SsnPorch,0.024600358690531933
3SsnPorch,KitchenAbvGr,0.024600358690531933
TotRmsAbvGrd,MiscVal,0.024762884163585016
MiscVal,TotRmsAbvGrd,0.024762884163585016
Fireplaces,EnclosedPorch,0.024821868537068383
EnclosedPorch,Fireplaces,0.024821868537068383
GarageYrBlt,LotArea,0.02494741866564036
LotArea,GarageYrBlt,0.02494741866564036
OpenPorchSF,BsmtHalfBath,0.025323757889057975
BsmtHalfBath,OpenPorchSF,0.025323757889057975
BsmtFullBath,MoSold,0.025360894315260153
MoSold,BsmtFullBath,0.025360894315260153
WoodDeckSF,LowQualFinSF,0.025443647988792197
LowQualFinSF,WoodDeckSF,0.025443647988792197
OverallCond,LowQualFinSF,0.025494319914214247
LowQualFinSF,OverallCond,0.025494319914214247
OverallCond,3SsnPorch,0.025503660024131836
3SsnPorch,OverallCond,0.025503660024131836
LowQualFinSF,SalePrice,0.02560613000068015
SalePrice,LowQualFinSF,0.02560613000068015
ScreenPorch,MSSubClass,0.026030176699806493
MSSubClass,ScreenPorch,0.026030176699806493
3SsnPorch,BsmtFinSF1,0.026450506189898835
BsmtFinSF1,3SsnPorch,0.026450506189898835
KitchenAbvGr,MoSold,0.02658890723091537
MoSold,KitchenAbvGr,0.02658890723091537
BsmtHalfBath,MasVnrArea,0.02667282815510286
MasVnrArea,BsmtHalfBath,0.02667282815510286
ScreenPorch,LowQualFinSF,0.026799413021772037
LowQualFinSF,ScreenPorch,0.026799413021772037
LowQualFinSF,HalfBath,0.02708004931716963
HalfBath,LowQualFinSF,0.02708004931716963
TotRmsAbvGrd,Id,0.027238724409455572
Id,TotRmsAbvGrd,0.027238724409455572
OverallQual,YrSold,0.02734670832780769
YrSold,OverallQual,0.02734670832780769
YrSold,GarageArea,0.027377940418558608
GarageArea,YrSold,0.027377940418558608
MiscVal,GarageArea,0.02739991441262575
GarageArea,MiscVal,0.02739991441262575
YearBuilt,MSSubClass,0.027850136946706617
MSSubClass,YearBuilt,0.027850136946706617
GarageArea,MoSold,0.02797379982354043
MoSold,GarageArea,0.02797379982354043
LowQualFinSF,BsmtUnfSF,0.028166688132741903
BsmtUnfSF,LowQualFinSF,0.028166688132741903
Id,OverallQual,0.028364753937537245
OverallQual,Id,0.028364753937537245
YrSold,2ndFlrSF,0.028699913935284663
2ndFlrSF,YrSold,0.028699913935284663
MoSold,EnclosedPorch,0.02888726570714225
EnclosedPorch,MoSold,0.02888726570714225
LowQualFinSF,YrSold,0.028920879782297997
YrSold,LowQualFinSF,0.028920879782297997
YrSold,SalePrice,0.028922585168730426
SalePrice,YrSold,0.028922585168730426
2ndFlrSF,OverallCond,0.028942115965816365
OverallCond,2ndFlrSF,0.028942115965816365
Fireplaces,BsmtHalfBath,0.028975586646260102
BsmtHalfBath,Fireplaces,0.028975586646260102
MoSold,3SsnPorch,0.029473795249939806
3SsnPorch,MoSold,0.029473795249939806
Id,WoodDeckSF,0.02964319715640263
WoodDeckSF,Id,0.02964319715640263
MiscVal,PoolArea,0.02966865085402216
PoolArea,MiscVal,0.02966865085402216
MasVnrArea,MiscVal,0.029815393585278842
MiscVal,MasVnrArea,0.029815393585278842
BsmtFinSF2,3SsnPorch,0.029993397993919868
3SsnPorch,BsmtFinSF2,0.029993397993919868
KitchenAbvGr,BsmtUnfSF,0.030085868314000223
BsmtUnfSF,KitchenAbvGr,0.030085868314000223
3SsnPorch,OverallQual,0.03037056713526411
OverallQual,3SsnPorch,0.03037056713526411
OverallQual,LowQualFinSF,0.03042928397960494
LowQualFinSF,OverallQual,0.03042928397960494
HalfBath,BsmtFullBath,0.030904959142533415
BsmtFullBath,HalfBath,0.030904959142533415
YearBuilt,3SsnPorch,0.03135451306436335
3SsnPorch,YearBuilt,0.03135451306436335
MoSold,1stFlrSF,0.031371560352079074
1stFlrSF,MoSold,0.031371560352079074
OverallQual,MiscVal,0.03140621050074753
MiscVal,OverallQual,0.03140621050074753
ScreenPorch,3SsnPorch,0.03143584703909499
3SsnPorch,ScreenPorch,0.03143584703909499
KitchenAbvGr,YrSold,0.03168720650065513
YrSold,KitchenAbvGr,0.03168720650065513
YrSold,BsmtFinSF2,0.03170563698488748
BsmtFinSF2,YrSold,0.03170563698488748
ScreenPorch,MiscVal,0.031945760774908606
MiscVal,ScreenPorch,0.031945760774908606
ScreenPorch,BsmtHalfBath,0.03212140720908456
BsmtHalfBath,ScreenPorch,0.03212140720908456
HalfBath,BsmtFinSF2,0.032147837468965525
BsmtFinSF2,HalfBath,0.032147837468965525
GarageYrBlt,MiscVal,0.03241745782126128
MiscVal,GarageYrBlt,0.03241745782126128
OpenPorchSF,OverallCond,0.03258881352158479
OverallCond,OpenPorchSF,0.03258881352158479
OverallQual,MSSubClass,0.032627707521842186
MSSubClass,OverallQual,0.032627707521842186
3SsnPorch,WoodDeckSF,0.03277063359357437
WoodDeckSF,3SsnPorch,0.03277063359357437
MoSold,BsmtHalfBath,0.03287270523409076
BsmtHalfBath,MoSold,0.03287270523409076
LotArea,Id,0.03322551858568492
Id,LotArea,0.03322551858568492
LowQualFinSF,TotalBsmtSF,0.03324538734745721
TotalBsmtSF,LowQualFinSF,0.03324538734745721
PoolArea,MoSold,0.033736640262790836
MoSold,PoolArea,0.033736640262790836
YearBuilt,MiscVal,0.03438313873672352
MiscVal,YearBuilt,0.03438313873672352
YrSold,TotRmsAbvGrd,0.03451635430217487
TotRmsAbvGrd,YrSold,0.03451635430217487
BsmtFullBath,GrLivArea,0.0348360495449059
GrLivArea,BsmtFullBath,0.0348360495449059
MoSold,BsmtUnfSF,0.03488844300908199
BsmtUnfSF,MoSold,0.03488844300908199
GarageArea,3SsnPorch,0.03508670020815936
3SsnPorch,GarageArea,0.03508670020815936
PoolArea,BsmtUnfSF,0.035092240793657865
BsmtUnfSF,PoolArea,0.035092240793657865
BsmtHalfBath,3SsnPorch,0.03511363088677233
3SsnPorch,BsmtHalfBath,0.03511363088677233
2ndFlrSF,MoSold,0.03516442736179051
MoSold,2ndFlrSF,0.03516442736179051
TotRmsAbvGrd,BsmtFinSF2,0.035226547947523404
BsmtFinSF2,TotRmsAbvGrd,0.035226547947523404
3SsnPorch,FullBath,0.03535301658385324
FullBath,3SsnPorch,0.03535301658385324
YrSold,YearRemodAdd,0.03574324712128322
YearRemodAdd,YrSold,0.03574324712128322
GarageCars,3SsnPorch,0.03576528514645337
3SsnPorch,GarageCars,0.03576528514645337
BedroomAbvGr,YrSold,0.03601389283371496
YrSold,BedroomAbvGr,0.03601389283371496
GarageYrBlt,LowQualFinSF,0.03636323404233951
LowQualFinSF,GarageYrBlt,0.03636323404233951
YrSold,GrLivArea,0.036525819624723004
GrLivArea,YrSold,0.036525819624723004
EnclosedPorch,BsmtFinSF2,0.03654333944820929
BsmtFinSF2,EnclosedPorch,0.03654333944820929
TotRmsAbvGrd,MoSold,0.036907077159844086
MoSold,TotRmsAbvGrd,0.036907077159844086
3SsnPorch,EnclosedPorch,0.03730528278804631
EnclosedPorch,3SsnPorch,0.03730528278804631
EnclosedPorch,KitchenAbvGr,0.03731238503296977
KitchenAbvGr,EnclosedPorch,0.03731238503296977
3SsnPorch,TotalBsmtSF,0.03738372726300451
TotalBsmtSF,3SsnPorch,0.03738372726300451
MasVnrArea,KitchenAbvGr,0.037610251819868996
KitchenAbvGr,MasVnrArea,0.037610251819868996
Id,BedroomAbvGr,0.03771855422321125
BedroomAbvGr,Id,0.03771855422321125
KitchenAbvGr,BsmtHalfBath,0.03794435022720132
BsmtHalfBath,KitchenAbvGr,0.03794435022720132
LotArea,MiscVal,0.03806769201918441
MiscVal,LotArea,0.03806769201918441
BsmtHalfBath,YearBuilt,0.038161805671233694
YearBuilt,BsmtHalfBath,0.038161805671233694
GarageCars,BsmtFinSF2,0.038263512869251774
BsmtFinSF2,GarageCars,0.038263512869251774
LotFrontage,LowQualFinSF,0.038468534328960156
LowQualFinSF,LotFrontage,0.038468534328960156
ScreenPorch,YearRemodAdd,0.03874001074260982
YearRemodAdd,ScreenPorch,0.03874001074260982
YrSold,GarageCars,0.03911690411283574
GarageCars,YrSold,0.03911690411283574
MSSubClass,GarageCars,0.04010979313578374
GarageCars,MSSubClass,0.04010979313578374
OverallQual,BsmtHalfBath,0.04015015766998875
BsmtHalfBath,OverallQual,0.04015015766998875
WoodDeckSF,BsmtHalfBath,0.04016122325953598
BsmtHalfBath,WoodDeckSF,0.04016122325953598
OverallCond,BsmtFinSF2,0.04022916989976808
BsmtFinSF2,OverallCond,0.04022916989976808
TotRmsAbvGrd,MSSubClass,0.04038006478367577
MSSubClass,TotRmsAbvGrd,0.04038006478367577
GarageCars,MoSold,0.040521730128251617
MoSold,GarageCars,0.040521730128251617
BedroomAbvGr,YearRemodAdd,0.04058092806774957
YearRemodAdd,BedroomAbvGr,0.04058092806774957
MSSubClass,YearRemodAdd,0.0405810447840647
YearRemodAdd,MSSubClass,0.0405810447840647
ScreenPorch,2ndFlrSF,0.04060644764100074
2ndFlrSF,ScreenPorch,0.04060644764100074
BsmtFinSF2,KitchenAbvGr,0.040751236448406995
KitchenAbvGr,BsmtFinSF2,0.040751236448406995
HalfBath,BsmtUnfSF,0.041117530144551086
BsmtUnfSF,HalfBath,0.041117530144551086
YrSold,BsmtUnfSF,0.041258194938762024
BsmtUnfSF,YrSold,0.041258194938762024
ScreenPorch,LotFrontage,0.04138279067500541
LotFrontage,ScreenPorch,0.04138279067500541
BsmtFullBath,KitchenAbvGr,0.041502546431483184
KitchenAbvGr,BsmtFullBath,0.041502546431483184
BedroomAbvGr,EnclosedPorch,0.041570434519598465
EnclosedPorch,BedroomAbvGr,0.041570434519598465
BsmtFinSF2,PoolArea,0.041709054681333034
PoolArea,BsmtFinSF2,0.041709054681333034
MiscVal,GarageCars,0.043080128102231184
GarageCars,MiscVal,0.043080128102231184
ScreenPorch,LotArea,0.043160377695251814
LotArea,ScreenPorch,0.043160377695251814
3SsnPorch,MSSubClass,0.04382454917560825
MSSubClass,3SsnPorch,0.04382454917560825
YrSold,OverallCond,0.043949745692480675
OverallCond,YrSold,0.043949745692480675
Id,LowQualFinSF,0.04422995808659233
LowQualFinSF,Id,0.04422995808659233
ScreenPorch,BedroomAbvGr,0.04429969112713488
BedroomAbvGr,ScreenPorch,0.04429969112713488
TotRmsAbvGrd,BsmtFinSF1,0.0443156239129205
BsmtFinSF1,TotRmsAbvGrd,0.0443156239129205
SalePrice,3SsnPorch,0.04458366533574792
3SsnPorch,SalePrice,0.04458366533574792
3SsnPorch,YearRemodAdd,0.04528580981497537
YearRemodAdd,3SsnPorch,0.04528580981497537
MSSubClass,Fireplaces,0.045569340274569284
Fireplaces,MSSubClass,0.045569340274569284
BsmtFinSF1,OverallCond,0.046230855918224914
OverallCond,BsmtFinSF1,0.046230855918224914
Fireplaces,MoSold,0.04635710249771935
MoSold,Fireplaces,0.04635710249771935
MoSold,SalePrice,0.04643224522381936
SalePrice,MoSold,0.04643224522381936
MSSubClass,LowQualFinSF,0.04647375589951825
LowQualFinSF,MSSubClass,0.04647375589951825
BsmtHalfBath,BedroomAbvGr,0.04651884838995185
BedroomAbvGr,BsmtHalfBath,0.04651884838995185
YrSold,BsmtHalfBath,0.04652388177402218
BsmtHalfBath,YrSold,0.04652388177402218
MoSold,BedroomAbvGr,0.04654385993628257
BedroomAbvGr,MoSold,0.04654385993628257
3SsnPorch,Id,0.04663478886742706
Id,3SsnPorch,0.04663478886742706
Fireplaces,GarageYrBlt,0.04682164840190579
GarageYrBlt,Fireplaces,0.04682164840190579
WoodDeckSF,BedroomAbvGr,0.04685377306989432
BedroomAbvGr,WoodDeckSF,0.04685377306989432
BsmtFinSF2,Fireplaces,0.0469207088260135
Fireplaces,BsmtFinSF2,0.0469207088260135
BsmtFullBath,LowQualFinSF,0.04714342189826147
LowQualFinSF,BsmtFullBath,0.04714342189826147
LotArea,BsmtHalfBath,0.048045570888297716
BsmtHalfBath,LotArea,0.048045570888297716
HalfBath,TotalBsmtSF,0.048803738635211875
TotalBsmtSF,HalfBath,0.048803738635211875
BsmtFinSF2,YearBuilt,0.049106831196239806
YearBuilt,BsmtFinSF2,0.049106831196239806
PoolArea,FullBath,0.04960382558403352
FullBath,PoolArea,0.04960382558403352
LotFrontage,BsmtFinSF2,0.04989967669098971
BsmtFinSF2,LotFrontage,0.04989967669098971
BsmtFullBath,EnclosedPorch,0.04991064908375369
EnclosedPorch,BsmtFullBath,0.04991064908375369
BsmtFinSF2,BsmtFinSF1,0.05011740004715191
BsmtFinSF1,BsmtFinSF2,0.05011740004715191
GrLivArea,MoSold,0.05023968081827258
MoSold,GrLivArea,0.05023968081827258
MasVnrArea,Id,0.05029779517170459
Id,MasVnrArea,0.05029779517170459
YearBuilt,ScreenPorch,0.05036443453861163
ScreenPorch,YearBuilt,0.05036443453861163
BedroomAbvGr,TotalBsmtSF,0.05044995551267859
TotalBsmtSF,BedroomAbvGr,0.05044995551267859
GarageCars,ScreenPorch,0.0504937919271977
ScreenPorch,GarageCars,0.0504937919271977
GarageCars,KitchenAbvGr,0.05063389240221826
KitchenAbvGr,GarageCars,0.05063389240221826
2ndFlrSF,LotArea,0.05098594829349351
LotArea,2ndFlrSF,0.05098594829349351
ScreenPorch,PoolArea,0.05130739451790521
PoolArea,ScreenPorch,0.05130739451790521
GarageArea,ScreenPorch,0.05141176244520807
ScreenPorch,GarageArea,0.05141176244520807
Fireplaces,BsmtUnfSF,0.051574882289541504
BsmtUnfSF,Fireplaces,0.051574882289541504
KitchenAbvGr,ScreenPorch,0.051613366061480426
ScreenPorch,KitchenAbvGr,0.051613366061480426
BsmtFullBath,TotRmsAbvGrd,0.05327523612339759
TotRmsAbvGrd,BsmtFullBath,0.05327523612339759
LotFrontage,HalfBath,0.05353185497960573
HalfBath,LotFrontage,0.05353185497960573
EnclosedPorch,PoolArea,0.0542025622921423
PoolArea,EnclosedPorch,0.0542025622921423
BsmtHalfBath,FullBath,0.05453581198363702
FullBath,BsmtHalfBath,0.05453581198363702
ScreenPorch,OverallCond,0.05481052878611371
OverallCond,ScreenPorch,0.05481052878611371
OverallCond,BsmtFullBath,0.054941515432952504
BsmtFullBath,OverallCond,0.054941515432952504
MoSold,FullBath,0.05587212899172362
FullBath,MoSold,0.05587212899172362
3SsnPorch,1stFlrSF,0.05610437448487474
1stFlrSF,3SsnPorch,0.05610437448487474
Id,PoolArea,0.057043904789252
PoolArea,Id,0.057043904789252
TotRmsAbvGrd,OverallCond,0.05758316611286472
OverallCond,TotRmsAbvGrd,0.05758316611286472
OpenPorchSF,YrSold,0.05761936014209498
YrSold,OpenPorchSF,0.05761936014209498
FullBath,BsmtFinSF1,0.058543136861595575
BsmtFinSF1,FullBath,0.058543136861595575
WoodDeckSF,OpenPorchSF,0.05866060856588831
OpenPorchSF,WoodDeckSF,0.05866060856588831
BsmtFinSF2,OverallQual,0.05911869267069023
OverallQual,BsmtFinSF2,0.05911869267069023
OverallCond,LotFrontage,0.05921345000524757
LotFrontage,OverallCond,0.05921345000524757
2ndFlrSF,KitchenAbvGr,0.05930575264821606
KitchenAbvGr,2ndFlrSF,0.05930575264821606
MSSubClass,OverallCond,0.05931581708410461
OverallCond,MSSubClass,0.05931581708410461
ScreenPorch,TotRmsAbvGrd,0.05938259955941124
TotRmsAbvGrd,ScreenPorch,0.05938259955941124
YrSold,PoolArea,0.05968893167525976
PoolArea,YrSold,0.05968893167525976
PoolArea,OpenPorchSF,0.06076211148992545
OpenPorchSF,PoolArea,0.06076211148992545
OverallCond,HalfBath,0.06076932676159386
HalfBath,OverallCond,0.06076932676159386
PoolArea,GarageArea,0.0610472717020595
GarageArea,PoolArea,0.0610472717020595
LowQualFinSF,EnclosedPorch,0.06108123777122828
EnclosedPorch,LowQualFinSF,0.06108123777122828
ScreenPorch,MasVnrArea,0.06146554318732059
MasVnrArea,ScreenPorch,0.06146554318732059
2ndFlrSF,EnclosedPorch,0.061988690773251
EnclosedPorch,2ndFlrSF,0.061988690773251
BsmtFinSF1,ScreenPorch,0.06202062266535013
ScreenPorch,BsmtFinSF1,0.06202062266535013
LowQualFinSF,PoolArea,0.062157372269196445
PoolArea,LowQualFinSF,0.062157372269196445
MiscVal,KitchenAbvGr,0.062340724004381246
KitchenAbvGr,MiscVal,0.062340724004381246
LowQualFinSF,YearRemodAdd,0.0624191000783343
YearRemodAdd,LowQualFinSF,0.0624191000783343
2ndFlrSF,LowQualFinSF,0.06335295010932407
LowQualFinSF,2ndFlrSF,0.06335295010932407
GarageArea,KitchenAbvGr,0.06443304718314428
KitchenAbvGr,GarageArea,0.06443304718314428
BsmtFinSF1,LowQualFinSF,0.0645025969214698
LowQualFinSF,BsmtFinSF1,0.0645025969214698
BsmtFullBath,FullBath,0.0645120486313163
FullBath,BsmtFullBath,0.0645120486313163
GarageYrBlt,BedroomAbvGr,0.06451843698438695
BedroomAbvGr,GarageYrBlt,0.06451843698438695
OverallQual,ScreenPorch,0.06488636049351724
ScreenPorch,OverallQual,0.06488636049351724
OverallQual,PoolArea,0.06516584360589141
PoolArea,OverallQual,0.06516584360589141
GarageArea,BedroomAbvGr,0.06525252989881658
BedroomAbvGr,GarageArea,0.06525252989881658
1stFlrSF,EnclosedPorch,0.06529170091030902
EnclosedPorch,1stFlrSF,0.06529170091030902
MSSubClass,BsmtFinSF2,0.06564857918852456
BsmtFinSF2,MSSubClass,0.06564857918852456
YrSold,BsmtFullBath,0.06704913767140783
BsmtFullBath,YrSold,0.06704913767140783
OpenPorchSF,BsmtFullBath,0.067341461376983
BsmtFullBath,OpenPorchSF,0.067341461376983
BsmtFinSF1,BsmtHalfBath,0.0674184779101191
BsmtHalfBath,BsmtFinSF1,0.0674184779101191
LowQualFinSF,GarageArea,0.06760141323952353
GarageArea,LowQualFinSF,0.06760141323952353
PoolArea,BsmtFullBath,0.06761555618047593
BsmtFullBath,PoolArea,0.06761555618047593
BsmtFinSF2,YearRemodAdd,0.06775851356598678
YearRemodAdd,BsmtFinSF2,0.06775851356598678
BsmtFinSF2,WoodDeckSF,0.06789832641361276
WoodDeckSF,BsmtFinSF2,0.06789832641361276
1stFlrSF,KitchenAbvGr,0.06810058817691354
KitchenAbvGr,1stFlrSF,0.06810058817691354
HalfBath,KitchenAbvGr,0.06826254889694165
KitchenAbvGr,HalfBath,0.06826254889694165
OverallCond,MiscVal,0.06877680605724883
MiscVal,OverallCond,0.06877680605724883
KitchenAbvGr,TotalBsmtSF,0.06890064264201692
TotalBsmtSF,KitchenAbvGr,0.06890064264201692
LowQualFinSF,MasVnrArea,0.06907085606589486
MasVnrArea,LowQualFinSF,0.06907085606589486
MSSubClass,BsmtFinSF1,0.06983574916710103
BsmtFinSF1,MSSubClass,0.06983574916710103
LotFrontage,3SsnPorch,0.07002922773085192
3SsnPorch,LotFrontage,0.07002922773085192
KitchenAbvGr,OpenPorchSF,0.07009060989258631
OpenPorchSF,KitchenAbvGr,0.07009060989258631
GarageYrBlt,LotFrontage,0.07024978191661561
LotFrontage,GarageYrBlt,0.07024978191661561
OverallCond,EnclosedPorch,0.07035618448230385
EnclosedPorch,OverallCond,0.07035618448230385
YearBuilt,BedroomAbvGr,0.07065121690473095
BedroomAbvGr,YearBuilt,0.07065121690473095
BedroomAbvGr,PoolArea,0.0707025835654749
PoolArea,BedroomAbvGr,0.0707025835654749
MoSold,OverallQual,0.07081517178517302
OverallQual,MoSold,0.07081517178517302
GarageYrBlt,2ndFlrSF,0.07083233971737964
2ndFlrSF,GarageYrBlt,0.07083233971737964
BsmtHalfBath,BsmtFinSF2,0.07094813365590494
BsmtFinSF2,BsmtHalfBath,0.07094813365590494
OpenPorchSF,MoSold,0.0712548847586891
MoSold,OpenPorchSF,0.0712548847586891
BsmtFinSF2,MasVnrArea,0.07231884820335596
MasVnrArea,BsmtFinSF2,0.07231884820335596
HalfBath,ScreenPorch,0.07242584517037905
ScreenPorch,HalfBath,0.07242584517037905
PoolArea,WoodDeckSF,0.073378206956454
WoodDeckSF,PoolArea,0.073378206956454
YearRemodAdd,OverallCond,0.07374149814528969
OverallCond,YearRemodAdd,0.07374149814528969
WoodDeckSF,ScreenPorch,0.07418135123983265
ScreenPorch,WoodDeckSF,0.07418135123983265
ScreenPorch,OpenPorchSF,0.0743039438502424
OpenPorchSF,ScreenPorch,0.0743039438502424
GrLivArea,MSSubClass,0.07485317965779979
MSSubClass,GrLivArea,0.07485317965779979
GarageYrBlt,ScreenPorch,0.07541751376190625
ScreenPorch,GarageYrBlt,0.07541751376190625
BsmtFinSF2,FullBath,0.07644386196518434
FullBath,BsmtFinSF2,0.07644386196518434
GarageYrBlt,BsmtHalfBath,0.07746361238070264
BsmtHalfBath,GarageYrBlt,0.07746361238070264
LotArea,PoolArea,0.07767239188017415
PoolArea,LotArea,0.07767239188017415
OverallCond,SalePrice,0.0778558940486776
SalePrice,OverallCond,0.0778558940486776
OverallCond,GrLivArea,0.07968586538833754
GrLivArea,OverallCond,0.07968586538833754
LotFrontage,2ndFlrSF,0.0801772706242048
2ndFlrSF,LotFrontage,0.0801772706242048
BsmtFinSF1,KitchenAbvGr,0.08100685077857563
KitchenAbvGr,BsmtFinSF1,0.08100685077857563
PoolArea,2ndFlrSF,0.08148687804909924
2ndFlrSF,PoolArea,0.08148687804909924
ScreenPorch,EnclosedPorch,0.08286424483260406
EnclosedPorch,ScreenPorch,0.08286424483260406
PoolArea,TotRmsAbvGrd,0.08375734951492322
TotRmsAbvGrd,PoolArea,0.08375734951492322
SalePrice,MSSubClass,0.08428413512659523
MSSubClass,SalePrice,0.08428413512659523
ScreenPorch,TotalBsmtSF,0.08448898591431103
TotalBsmtSF,ScreenPorch,0.08448898591431103
OpenPorchSF,LotArea,0.08477380884021646
LotArea,OpenPorchSF,0.08477380884021646
GarageYrBlt,MSSubClass,0.08507186950664651
MSSubClass,GarageYrBlt,0.08507186950664651
MasVnrArea,BsmtFullBath,0.08530982868972696
BsmtFullBath,MasVnrArea,0.08530982868972696
BedroomAbvGr,GarageCars,0.08610643768835352
GarageCars,BedroomAbvGr,0.08610643768835352
OverallCond,KitchenAbvGr,0.08700085543637874
KitchenAbvGr,OverallCond,0.08700085543637874
BsmtFinSF2,GarageYrBlt,0.08801081541220061
GarageYrBlt,BsmtFinSF2,0.08801081541220061
WoodDeckSF,LotFrontage,0.08852093328940891
LotFrontage,WoodDeckSF,0.08852093328940891
ScreenPorch,1stFlrSF,0.0887580726201564
1stFlrSF,ScreenPorch,0.0887580726201564
LotFrontage,YearRemodAdd,0.08886557249206857
YearRemodAdd,LotFrontage,0.08886557249206857
ScreenPorch,BsmtFinSF2,0.08887125137339077
BsmtFinSF2,ScreenPorch,0.08887125137339077
KitchenAbvGr,WoodDeckSF,0.09013027267903431
WoodDeckSF,KitchenAbvGr,0.09013027267903431
OverallCond,OverallQual,0.09193234263907184
OverallQual,OverallCond,0.09193234263907184
WoodDeckSF,2ndFlrSF,0.09216541758603838
2ndFlrSF,WoodDeckSF,0.09216541758603838
SalePrice,PoolArea,0.09240354949187278
PoolArea,SalePrice,0.09240354949187278
OpenPorchSF,EnclosedPorch,0.09307931750864905
EnclosedPorch,OpenPorchSF,0.09307931750864905
OpenPorchSF,BedroomAbvGr,0.09380957160591488
BedroomAbvGr,OpenPorchSF,0.09380957160591488
LowQualFinSF,GarageCars,0.09447952015593507
GarageCars,LowQualFinSF,0.09447952015593507
Fireplaces,PoolArea,0.09507352203619714
PoolArea,Fireplaces,0.09507352203619714
HalfBath,EnclosedPorch,0.0953165257360886
EnclosedPorch,HalfBath,0.0953165257360886
TotalBsmtSF,EnclosedPorch,0.0954777367064077
EnclosedPorch,TotalBsmtSF,0.0954777367064077
YearBuilt,TotRmsAbvGrd,0.0955891282979514
TotRmsAbvGrd,YearBuilt,0.0955891282979514
BsmtUnfSF,BsmtHalfBath,0.09580428815248464
BsmtHalfBath,BsmtUnfSF,0.09580428815248464
1stFlrSF,BsmtFinSF2,0.09711744845667107
BsmtFinSF2,1stFlrSF,0.09711744845667107
MSSubClass,GarageArea,0.09867154319256446
GarageArea,MSSubClass,0.09867154319256446
BsmtFinSF2,2ndFlrSF,0.09926031602264533
2ndFlrSF,BsmtFinSF2,0.09926031602264533
GrLivArea,KitchenAbvGr,0.1000631647377552
KitchenAbvGr,GrLivArea,0.1000631647377552
LotFrontage,BsmtFullBath,0.10094856694926896
BsmtFullBath,LotFrontage,0.10094856694926896
GrLivArea,ScreenPorch,0.10151039568208489
ScreenPorch,GrLivArea,0.10151039568208489
OverallQual,BedroomAbvGr,0.10167635624178653
BedroomAbvGr,OverallQual,0.10167635624178653
EnclosedPorch,BsmtFinSF1,0.10230330550073302
BsmtFinSF1,EnclosedPorch,0.10230330550073302
MasVnrArea,BedroomAbvGr,0.10282115127801826
BedroomAbvGr,MasVnrArea,0.10282115127801826
LotArea,MasVnrArea,0.10415982154021164
MasVnrArea,LotArea,0.10415982154021164
TotalBsmtSF,BsmtFinSF2,0.10480953760636849
BsmtFinSF2,TotalBsmtSF,0.10480953760636849
LowQualFinSF,BedroomAbvGr,0.10560656854090972
BedroomAbvGr,LowQualFinSF,0.10560656854090972
LotArea,OverallQual,0.10580574175496442
OverallQual,LotArea,0.10580574175496442
BedroomAbvGr,BsmtFinSF1,0.10735467682307238
BsmtFinSF1,BedroomAbvGr,0.10735467682307238
BedroomAbvGr,Fireplaces,0.10756968099132405
Fireplaces,BedroomAbvGr,0.10756968099132405
WoodDeckSF,HalfBath,0.10808030267536159
HalfBath,WoodDeckSF,0.10808030267536159
MasVnrArea,EnclosedPorch,0.11020383387243465
EnclosedPorch,MasVnrArea,0.11020383387243465
BsmtFullBath,OverallQual,0.11109778614230408
OverallQual,BsmtFullBath,0.11109778614230408
BsmtFinSF2,LotArea,0.11116974549624932
LotArea,BsmtFinSF2,0.11116974549624932
SalePrice,ScreenPorch,0.11144657114291048
ScreenPorch,SalePrice,0.11144657114291048
BsmtFinSF1,OpenPorchSF,0.11176061335675173
OpenPorchSF,BsmtFinSF1,0.11176061335675173
Fireplaces,YearRemodAdd,0.11258131843947493
YearRemodAdd,Fireplaces,0.11258131843947493
OverallQual,EnclosedPorch,0.11393685859568092
EnclosedPorch,OverallQual,0.11393685859568092
BsmtUnfSF,MasVnrArea,0.11444206231380714
MasVnrArea,BsmtUnfSF,0.11444206231380714
EnclosedPorch,FullBath,0.11509296346134372
FullBath,EnclosedPorch,0.11509296346134372
OverallCond,BsmtHalfBath,0.117820915081395
BsmtHalfBath,OverallCond,0.117820915081395
YearRemodAdd,BsmtFullBath,0.1194698791112425
BsmtFullBath,YearRemodAdd,0.1194698791112425
BedroomAbvGr,LotArea,0.11968990815131679
LotArea,BedroomAbvGr,0.11968990815131679
HalfBath,1stFlrSF,0.11991590879396018
1stFlrSF,HalfBath,0.11991590879396018
EnclosedPorch,GarageArea,0.12177671956100364
GarageArea,EnclosedPorch,0.12177671956100364
LotFrontage,YearBuilt,0.12334946703331695
YearBuilt,LotFrontage,0.12334946703331695
Fireplaces,KitchenAbvGr,0.12393623529689538
KitchenAbvGr,Fireplaces,0.12393623529689538
KitchenAbvGr,GarageYrBlt,0.1244114015700182
GarageYrBlt,KitchenAbvGr,0.1244114015700182
GarageYrBlt,BsmtFullBath,0.12455252442364917
BsmtFullBath,GarageYrBlt,0.12455252442364917
OpenPorchSF,MasVnrArea,0.1257027966825022
MasVnrArea,OpenPorchSF,0.1257027966825022
EnclosedPorch,WoodDeckSF,0.12598888803760044
WoodDeckSF,EnclosedPorch,0.12598888803760044
LotArea,FullBath,0.1260306265196434
FullBath,LotArea,0.1260306265196434
TotalBsmtSF,PoolArea,0.12605313210083696
PoolArea,TotalBsmtSF,0.12605313210083696
BedroomAbvGr,1stFlrSF,0.12740074939236587
1stFlrSF,BedroomAbvGr,0.12740074939236587
OverallCond,MasVnrArea,0.12810119916569077
MasVnrArea,OverallCond,0.12810119916569077
BsmtFinSF1,YearRemodAdd,0.12845054712828968
YearRemodAdd,BsmtFinSF1,0.12845054712828968
SalePrice,EnclosedPorch,0.12857795792595636
EnclosedPorch,SalePrice,0.12857795792595636
OpenPorchSF,BsmtUnfSF,0.1290054146154213
BsmtUnfSF,OpenPorchSF,0.1290054146154213
TotRmsAbvGrd,LowQualFinSF,0.1311847759895512
LowQualFinSF,TotRmsAbvGrd,0.1311847759895512
1stFlrSF,PoolArea,0.13152497564028195
PoolArea,1stFlrSF,0.13152497564028195
FullBath,MSSubClass,0.13160822241028183
MSSubClass,FullBath,0.13160822241028183
BsmtFullBath,GarageCars,0.13188122440619826
GarageCars,BsmtFullBath,0.13188122440619826
LotFrontage,BsmtUnfSF,0.13264374162493386
BsmtUnfSF,LotFrontage,0.13264374162493386
FullBath,KitchenAbvGr,0.13311521419603795
KitchenAbvGr,FullBath,0.13311521419603795
GrLivArea,LowQualFinSF,0.13468281300660345
LowQualFinSF,GrLivArea,0.13468281300660345
SalePrice,KitchenAbvGr,0.1359073708421417
KitchenAbvGr,SalePrice,0.1359073708421417
HalfBath,FullBath,0.13638058874914522
FullBath,HalfBath,0.13638058874914522
BsmtUnfSF,OverallCond,0.1368405698935219
OverallCond,BsmtUnfSF,0.1368405698935219
2ndFlrSF,BsmtFinSF1,0.13707898608005406
BsmtFinSF1,2ndFlrSF,0.13707898608005406
BsmtFullBath,Fireplaces,0.13792770842720137
Fireplaces,BsmtFullBath,0.13792770842720137
GarageArea,2ndFlrSF,0.1383469585718656
2ndFlrSF,GarageArea,0.1383469585718656
LotArea,MSSubClass,0.13978108172014636
MSSubClass,LotArea,0.13978108172014636
2ndFlrSF,YearRemodAdd,0.14002377880486408
YearRemodAdd,2ndFlrSF,0.14002377880486408
BsmtFinSF1,PoolArea,0.14049128625495722
PoolArea,BsmtFinSF1,0.14049128625495722
BsmtUnfSF,MSSubClass,0.14075948083501214
MSSubClass,BsmtUnfSF,0.14075948083501214
OverallCond,1stFlrSF,0.1442027840490588
1stFlrSF,OverallCond,0.1442027840490588
MoSold,YrSold,0.14572141267538744
YrSold,MoSold,0.14572141267538744
Fireplaces,YearBuilt,0.1477163994124546
YearBuilt,Fireplaces,0.1477163994124546
BsmtFullBath,BsmtHalfBath,0.14787096054760482
BsmtHalfBath,BsmtFullBath,0.14787096054760482
TotRmsAbvGrd,GarageYrBlt,0.14811171558596414
GarageYrBlt,TotRmsAbvGrd,0.14811171558596414
YearBuilt,BsmtUnfSF,0.14904039195440044
BsmtUnfSF,YearBuilt,0.14904039195440044
KitchenAbvGr,YearRemodAdd,0.14959752104274765
YearRemodAdd,KitchenAbvGr,0.14959752104274765
BsmtFullBath,BedroomAbvGr,0.15067280920796106
BedroomAbvGr,BsmtFullBath,0.15067280920796106
EnclosedPorch,GarageCars,0.15143416002683852
GarageCars,EnclosedPorch,0.15143416002683852
OverallCond,GarageArea,0.1515213705702289
GarageArea,OverallCond,0.1515213705702289
OpenPorchSF,LotFrontage,0.15197222768060648
LotFrontage,OpenPorchSF,0.15197222768060648
GarageYrBlt,BsmtFinSF1,0.153484098026779
BsmtFinSF1,GarageYrBlt,0.153484098026779
LotArea,GarageCars,0.15487073975354074
GarageCars,LotArea,0.15487073975354074
BsmtFullBath,LotArea,0.1581545310600175
LotArea,BsmtFullBath,0.1581545310600175
BsmtFinSF2,BsmtFullBath,0.15867806078170232
BsmtFullBath,BsmtFinSF2,0.15867806078170232
MasVnrArea,WoodDeckSF,0.15971813436595525
WoodDeckSF,MasVnrArea,0.15971813436595525
GarageArea,HalfBath,0.16354936401660505
HalfBath,GarageArea,0.16354936401660505
WoodDeckSF,TotRmsAbvGrd,0.1659838837149338
TotRmsAbvGrd,WoodDeckSF,0.1659838837149338
BsmtUnfSF,BedroomAbvGr,0.16664331698696383
BedroomAbvGr,BsmtUnfSF,0.16664331698696383
SalePrice,BedroomAbvGr,0.1682131543007415
BedroomAbvGr,SalePrice,0.1682131543007415
Fireplaces,OpenPorchSF,0.16940532713120174
OpenPorchSF,Fireplaces,0.16940532713120174
BsmtFullBath,2ndFlrSF,0.16949395173100076
2ndFlrSF,BsmtFullBath,0.16949395173100076
PoolArea,GrLivArea,0.1702053360005609
GrLivArea,PoolArea,0.1702053360005609
OverallCond,TotalBsmtSF,0.17109751462492115
TotalBsmtSF,OverallCond,0.17109751462492115
LotArea,WoodDeckSF,0.17169768725711357
WoodDeckSF,LotArea,0.17169768725711357
2ndFlrSF,TotalBsmtSF,0.17451195013495976
TotalBsmtSF,2ndFlrSF,0.17451195013495976
MasVnrArea,2ndFlrSF,0.17456147345742778
2ndFlrSF,MasVnrArea,0.17456147345742778
KitchenAbvGr,YearBuilt,0.1748002456149784
YearBuilt,KitchenAbvGr,0.1748002456149784
BsmtFullBath,WoodDeckSF,0.1753151900797277
WoodDeckSF,BsmtFullBath,0.1753151900797277
HalfBath,MSSubClass,0.17735438864391526
MSSubClass,HalfBath,0.17735438864391526
BsmtFullBath,GarageArea,0.17918948042023325
GarageArea,BsmtFullBath,0.17918948042023325
MasVnrArea,YearRemodAdd,0.1796183707355165
YearRemodAdd,MasVnrArea,0.1796183707355165
GarageArea,LotArea,0.18040275515111656
LotArea,GarageArea,0.18040275515111656
BsmtUnfSF,YearRemodAdd,0.18113308705016823
YearRemodAdd,BsmtUnfSF,0.18113308705016823
GarageArea,BsmtUnfSF,0.18330269774258381
BsmtUnfSF,GarageArea,0.18330269774258381
HalfBath,YearRemodAdd,0.18333061171853401
YearRemodAdd,HalfBath,0.18333061171853401
LowQualFinSF,YearBuilt,0.18378434437372668
YearBuilt,LowQualFinSF,0.18378434437372668
KitchenAbvGr,OverallQual,0.18388223454922223
OverallQual,KitchenAbvGr,0.18388223454922223
2ndFlrSF,GarageCars,0.18392558307637655
GarageCars,2ndFlrSF,0.18392558307637655
ScreenPorch,Fireplaces,0.1845302695168495
Fireplaces,ScreenPorch,0.1845302695168495
OverallCond,GarageCars,0.1857575105783602
GarageCars,OverallCond,0.1857575105783602
BsmtFullBath,YearBuilt,0.1875985499971459
YearBuilt,BsmtFullBath,0.1875985499971459
FullBath,WoodDeckSF,0.18770321383582753
WoodDeckSF,FullBath,0.18770321383582753
YearBuilt,OpenPorchSF,0.18868584000173075
OpenPorchSF,YearBuilt,0.18868584000173075
LotArea,TotRmsAbvGrd,0.19001477762540772
TotRmsAbvGrd,LotArea,0.19001477762540772
BsmtUnfSF,GarageYrBlt,0.19070827345893301
GarageYrBlt,BsmtUnfSF,0.19070827345893301
YearRemodAdd,TotRmsAbvGrd,0.1917398162928071
TotRmsAbvGrd,YearRemodAdd,0.1917398162928071
MasVnrArea,LotFrontage,0.19345806055826895
LotFrontage,MasVnrArea,0.19345806055826895
YearRemodAdd,EnclosedPorch,0.19391914709920693
EnclosedPorch,YearRemodAdd,0.19391914709920693
FullBath,OverallCond,0.19414948874930252
OverallCond,FullBath,0.19414948874930252
2ndFlrSF,Fireplaces,0.1945608922413219
Fireplaces,2ndFlrSF,0.1945608922413219
HalfBath,GarageYrBlt,0.19678517580586416
GarageYrBlt,HalfBath,0.19678517580586416
BedroomAbvGr,KitchenAbvGr,0.19859675770713586
KitchenAbvGr,BedroomAbvGr,0.19859675770713586
FullBath,LotFrontage,0.1987686778973781
LotFrontage,FullBath,0.1987686778973781
GrLivArea,YearBuilt,0.1990097136764581
YearBuilt,GrLivArea,0.1990097136764581
HalfBath,OpenPorchSF,0.1997401475127926
OpenPorchSF,HalfBath,0.1997401475127926
WoodDeckSF,Fireplaces,0.20001879575902295
Fireplaces,WoodDeckSF,0.20001879575902295
HalfBath,MasVnrArea,0.20144394692967793
MasVnrArea,HalfBath,0.20144394692967793
1stFlrSF,2ndFlrSF,0.20264618100231988
2ndFlrSF,1stFlrSF,0.20264618100231988
HalfBath,Fireplaces,0.20364850809521526
Fireplaces,HalfBath,0.20364850809521526
WoodDeckSF,BsmtFinSF1,0.20430614523740545
BsmtFinSF1,WoodDeckSF,0.20430614523740545
YearRemodAdd,WoodDeckSF,0.20572592049010316
WoodDeckSF,YearRemodAdd,0.20572592049010316
PoolArea,LotFrontage,0.20616677527607583
LotFrontage,PoolArea,0.20616677527607583
OpenPorchSF,2ndFlrSF,0.2080260631813553
2ndFlrSF,OpenPorchSF,0.2080260631813553
GrLivArea,BsmtFinSF1,0.20817113014532806
BsmtFinSF1,GrLivArea,0.20817113014532806
BsmtFinSF2,BsmtUnfSF,0.20929449241994658
BsmtUnfSF,BsmtFinSF2,0.20929449241994658
OpenPorchSF,1stFlrSF,0.21167122549798492
1stFlrSF,OpenPorchSF,0.21167122549798492
OpenPorchSF,GarageCars,0.21356944558969018
GarageCars,OpenPorchSF,0.21356944558969018
LotArea,BsmtFinSF1,0.21410313070557835
BsmtFinSF1,LotArea,0.21410313070557835
BsmtUnfSF,GarageCars,0.21417518975021707
GarageCars,BsmtUnfSF,0.21417518975021707
BsmtUnfSF,SalePrice,0.214479105546969
SalePrice,BsmtUnfSF,0.214479105546969
GarageCars,HalfBath,0.2191781521671551
HalfBath,GarageCars,0.2191781521671551
BsmtFinSF1,GarageCars,0.22405352239399126
GarageCars,BsmtFinSF1,0.22405352239399126
GarageYrBlt,WoodDeckSF,0.22457699198793515
WoodDeckSF,GarageYrBlt,0.22457699198793515
WoodDeckSF,GarageArea,0.22466630717876454
GarageArea,WoodDeckSF,0.22466630717876454
WoodDeckSF,YearBuilt,0.22488014230399725
YearBuilt,WoodDeckSF,0.22488014230399725
OpenPorchSF,YearRemodAdd,0.2262976326829877
YearRemodAdd,OpenPorchSF,0.2262976326829877
WoodDeckSF,GarageCars,0.22634213846985612
GarageCars,WoodDeckSF,0.22634213846985612
HalfBath,BedroomAbvGr,0.22665148415094155
BedroomAbvGr,HalfBath,0.22665148415094155
SalePrice,BsmtFullBath,0.22712223313149718
BsmtFullBath,SalePrice,0.22712223313149718
GarageYrBlt,OpenPorchSF,0.228424578771982
OpenPorchSF,GarageYrBlt,0.228424578771982
GrLivArea,GarageYrBlt,0.23119674063336287
GarageYrBlt,GrLivArea,0.23119674063336287
TotalBsmtSF,WoodDeckSF,0.23201860912901978
WoodDeckSF,TotalBsmtSF,0.23201860912901978
1stFlrSF,GarageYrBlt,0.23344909271486305
GarageYrBlt,1stFlrSF,0.23344909271486305
BsmtFinSF1,LotFrontage,0.23363316701975517
LotFrontage,BsmtFinSF1,0.23363316701975517
TotRmsAbvGrd,OpenPorchSF,0.23419158783159674
OpenPorchSF,TotRmsAbvGrd,0.23419158783159674
WoodDeckSF,1stFlrSF,0.23545862278369958
1stFlrSF,WoodDeckSF,0.23545862278369958
MSSubClass,TotalBsmtSF,0.23851840931512
TotalBsmtSF,MSSubClass,0.23851840931512
OverallQual,WoodDeckSF,0.23892339224919107
WoodDeckSF,OverallQual,0.23892339224919107
OverallQual,BsmtFinSF1,0.23966596617889305
BsmtFinSF1,OverallQual,0.23966596617889305
GrLivArea,BsmtUnfSF,0.24025726834993516
BsmtUnfSF,GrLivArea,0.24025726834993516
1stFlrSF,YearRemodAdd,0.24037926760355563
YearRemodAdd,1stFlrSF,0.24037926760355563
OpenPorchSF,GarageArea,0.24143467213808723
GarageArea,OpenPorchSF,0.24143467213808723
HalfBath,YearBuilt,0.24265591024106203
YearBuilt,HalfBath,0.24265591024106203
Fireplaces,FullBath,0.24367050307991178
FullBath,Fireplaces,0.24367050307991178
1stFlrSF,BsmtFullBath,0.24467110424771435
BsmtFullBath,1stFlrSF,0.24467110424771435
OpenPorchSF,TotalBsmtSF,0.2472637462881077
TotalBsmtSF,OpenPorchSF,0.2472637462881077
WoodDeckSF,GrLivArea,0.24743282051884927
GrLivArea,WoodDeckSF,0.24743282051884927
MasVnrArea,Fireplaces,0.24906961283714132
Fireplaces,MasVnrArea,0.24906961283714132
YearBuilt,BsmtFinSF1,0.24950319668479937
BsmtFinSF1,YearBuilt,0.24950319668479937
TotRmsAbvGrd,BsmtUnfSF,0.25064706137624776
BsmtUnfSF,TotRmsAbvGrd,0.25064706137624776
LotFrontage,OverallQual,0.25164577548061245
OverallQual,LotFrontage,0.25164577548061245
1stFlrSF,MSSubClass,0.2517583518783804
MSSubClass,1stFlrSF,0.2517583518783804
MasVnrArea,GarageYrBlt,0.25269077499033554
GarageYrBlt,MasVnrArea,0.25269077499033554
TotRmsAbvGrd,KitchenAbvGr,0.25604540853594737
KitchenAbvGr,TotRmsAbvGrd,0.25604540853594737
FullBath,OpenPorchSF,0.25997742546825087
OpenPorchSF,FullBath,0.25997742546825087
Fireplaces,BsmtFinSF1,0.2600109202350418
BsmtFinSF1,Fireplaces,0.2600109202350418
TotalBsmtSF,LotArea,0.26083313454515794
LotArea,TotalBsmtSF,0.26083313454515794
GrLivArea,LotArea,0.26311616716714836
LotArea,GrLivArea,0.26311616716714836
LotFrontage,BedroomAbvGr,0.26316991588106087
BedroomAbvGr,LotFrontage,0.26316991588106087
SalePrice,LotArea,0.2638433538714063
LotArea,SalePrice,0.2638433538714063
BsmtFinSF1,MasVnrArea,0.2647362647138647
MasVnrArea,BsmtFinSF1,0.2647362647138647
Fireplaces,LotFrontage,0.2666394825603015
LotFrontage,Fireplaces,0.2666394825603015
GarageArea,Fireplaces,0.26914123807386986
Fireplaces,GarageArea,0.26914123807386986
LotArea,Fireplaces,0.2713640096245405
Fireplaces,LotArea,0.2713640096245405
OverallQual,HalfBath,0.27345809864277076
HalfBath,OverallQual,0.27345809864277076
FullBath,MasVnrArea,0.2768328472369822
MasVnrArea,FullBath,0.2768328472369822
TotRmsAbvGrd,MasVnrArea,0.28068169460850473
MasVnrArea,TotRmsAbvGrd,0.28068169460850473
KitchenAbvGr,MSSubClass,0.281721040264881
MSSubClass,KitchenAbvGr,0.281721040264881
YearBuilt,1stFlrSF,0.28198585869980175
1stFlrSF,YearBuilt,0.28198585869980175
SalePrice,HalfBath,0.2841076755947784
HalfBath,SalePrice,0.2841076755947784
TotRmsAbvGrd,TotalBsmtSF,0.2855725637257923
TotalBsmtSF,TotRmsAbvGrd,0.2855725637257923
LotFrontage,GarageCars,0.28569092468510454
GarageCars,LotFrontage,0.28569092468510454
GrLivArea,YearRemodAdd,0.28738851965033274
YearRemodAdd,GrLivArea,0.28738851965033274
FullBath,BsmtUnfSF,0.2888860554869107
BsmtUnfSF,FullBath,0.2888860554869107
YearRemodAdd,TotalBsmtSF,0.29106558260416654
TotalBsmtSF,YearRemodAdd,0.29106558260416654
OverallQual,2ndFlrSF,0.29549287919971035
2ndFlrSF,OverallQual,0.29549287919971035
GarageArea,BsmtFinSF1,0.29697038534451464
BsmtFinSF1,GarageArea,0.29697038534451464
GarageYrBlt,EnclosedPorch,0.29700260305572995
EnclosedPorch,GarageYrBlt,0.29700260305572995
LotArea,1stFlrSF,0.29947457850776354
1stFlrSF,LotArea,0.29947457850776354
Fireplaces,GarageCars,0.30078876630134843
GarageCars,Fireplaces,0.30078876630134843
TotalBsmtSF,BsmtFullBath,0.30735055373550824
BsmtFullBath,TotalBsmtSF,0.30735055373550824
2ndFlrSF,MSSubClass,0.30788572075985965
MSSubClass,2ndFlrSF,0.30788572075985965
BsmtUnfSF,OverallQual,0.30815892690564345
OverallQual,BsmtUnfSF,0.30815892690564345
OpenPorchSF,OverallQual,0.30881882335945265
OverallQual,OpenPorchSF,0.30881882335945265
MasVnrArea,YearBuilt,0.31570706243619523
YearBuilt,MasVnrArea,0.31570706243619523
SalePrice,OpenPorchSF,0.31585622711605577
OpenPorchSF,SalePrice,0.31585622711605577
BsmtUnfSF,1stFlrSF,0.3179874383527257
1stFlrSF,BsmtUnfSF,0.3179874383527257
SalePrice,2ndFlrSF,0.31933380283206614
2ndFlrSF,SalePrice,0.31933380283206614
TotalBsmtSF,GarageYrBlt,0.3224451736794758
GarageYrBlt,TotalBsmtSF,0.3224451736794758
TotalBsmtSF,FullBath,0.32372241360664983
FullBath,TotalBsmtSF,0.32372241360664983
GarageYrBlt,OverallCond,0.3242967325294011
OverallCond,GarageYrBlt,0.3242967325294011
WoodDeckSF,SalePrice,0.32441344456813076
SalePrice,WoodDeckSF,0.32441344456813076
TotRmsAbvGrd,Fireplaces,0.3261144801771966
Fireplaces,TotRmsAbvGrd,0.3261144801771966
GrLivArea,OpenPorchSF,0.3302239617119999
OpenPorchSF,GrLivArea,0.3302239617119999
TotRmsAbvGrd,GarageArea,0.33782212063683476
GarageArea,TotRmsAbvGrd,0.33782212063683476
TotalBsmtSF,Fireplaces,0.3395193238986534
Fireplaces,TotalBsmtSF,0.3395193238986534
TotRmsAbvGrd,HalfBath,0.34341485754091505
HalfBath,TotRmsAbvGrd,0.34341485754091505
1stFlrSF,MasVnrArea,0.3445007468899201
MasVnrArea,1stFlrSF,0.3445007468899201
LotFrontage,GarageArea,0.34499672410648324
GarageArea,LotFrontage,0.34499672410648324
SalePrice,LotFrontage,0.35179909657067854
LotFrontage,SalePrice,0.35179909657067854
LotFrontage,TotRmsAbvGrd,0.35209594766022567
TotRmsAbvGrd,LotFrontage,0.35209594766022567
TotRmsAbvGrd,GarageCars,0.3622885708147703
GarageCars,TotRmsAbvGrd,0.3622885708147703
FullBath,BedroomAbvGr,0.3632519830232792
BedroomAbvGr,FullBath,0.3632519830232792
MasVnrArea,TotalBsmtSF,0.3639362217744695
TotalBsmtSF,MasVnrArea,0.3639362217744695
GarageCars,MasVnrArea,0.3642036400698638
MasVnrArea,GarageCars,0.3642036400698638
GarageArea,YearRemodAdd,0.371599809497309
YearRemodAdd,GarageArea,0.371599809497309
GarageArea,MasVnrArea,0.37306648160023304
MasVnrArea,GarageArea,0.37306648160023304
OverallCond,YearBuilt,0.37598319560698873
YearBuilt,OverallCond,0.37598319560698873
1stFlrSF,FullBath,0.38063749497350763
FullBath,1stFlrSF,0.38063749497350763
LotFrontage,MSSubClass,0.3863468853449303
MSSubClass,LotFrontage,0.3863468853449303
SalePrice,BsmtFinSF1,0.38641980624215627
BsmtFinSF1,SalePrice,0.38641980624215627
YearBuilt,EnclosedPorch,0.38726778292807656
EnclosedPorch,YearBuilt,0.38726778292807656
GrLivArea,MasVnrArea,0.3908566397384352
MasVnrArea,GrLivArea,0.3908566397384352
TotalBsmtSF,YearBuilt,0.39145200206609476
YearBuilt,TotalBsmtSF,0.39145200206609476
LotFrontage,TotalBsmtSF,0.39207457637917215
TotalBsmtSF,LotFrontage,0.39207457637917215
OverallQual,Fireplaces,0.39676503795208756
Fireplaces,OverallQual,0.39676503795208756
GrLivArea,LotFrontage,0.40279741408532066
LotFrontage,GrLivArea,0.40279741408532066
GarageArea,FullBath,0.4056562084540095
FullBath,GarageArea,0.4056562084540095
1stFlrSF,TotRmsAbvGrd,0.40951597886682883
TotRmsAbvGrd,1stFlrSF,0.40951597886682883
Fireplaces,1stFlrSF,0.41053108465984434
1stFlrSF,Fireplaces,0.41053108465984434
OverallQual,MasVnrArea,0.41187566727767955
MasVnrArea,OverallQual,0.41187566727767955
TotalBsmtSF,BsmtUnfSF,0.41535960518158943
BsmtUnfSF,TotalBsmtSF,0.41535960518158943
GrLivArea,HalfBath,0.41577163610526024
HalfBath,GrLivArea,0.41577163610526024
YearRemodAdd,GarageCars,0.4206221549432185
GarageCars,YearRemodAdd,0.4206221549432185
2ndFlrSF,FullBath,0.42137798287597156
FullBath,2ndFlrSF,0.42137798287597156
BsmtFullBath,BsmtUnfSF,0.4229004773832192
BsmtUnfSF,BsmtFullBath,0.4229004773832192
LotFrontage,LotArea,0.4260950187718087
LotArea,LotFrontage,0.4260950187718087
OverallQual,TotRmsAbvGrd,0.42745234327798615
TotRmsAbvGrd,OverallQual,0.42745234327798615
GarageCars,TotalBsmtSF,0.43458483429168826
TotalBsmtSF,GarageCars,0.43458483429168826
YearRemodAdd,FullBath,0.43904648387234635
FullBath,YearRemodAdd,0.43904648387234635
1stFlrSF,GarageCars,0.43931680799067063
GarageCars,1stFlrSF,0.43931680799067063
1stFlrSF,BsmtFinSF1,0.4458626560920095
BsmtFinSF1,1stFlrSF,0.4458626560920095
GrLivArea,TotalBsmtSF,0.4548682025479028
TotalBsmtSF,GrLivArea,0.4548682025479028
LotFrontage,1stFlrSF,0.4571810019946558
1stFlrSF,LotFrontage,0.4571810019946558
Fireplaces,GrLivArea,0.46167913376144376
GrLivArea,Fireplaces,0.46167913376144376
Fireplaces,SalePrice,0.4669288367515242
SalePrice,Fireplaces,0.4669288367515242
GarageCars,GrLivArea,0.46724741879518455
GrLivArea,GarageCars,0.46724741879518455
FullBath,YearBuilt,0.4682707871726734
YearBuilt,FullBath,0.4682707871726734
GrLivArea,GarageArea,0.4689974773229643
GarageArea,GrLivArea,0.4689974773229643
GarageCars,FullBath,0.4696720432676313
FullBath,GarageCars,0.4696720432676313
1stFlrSF,OverallQual,0.4762238290781775
OverallQual,1stFlrSF,0.4762238290781775
MasVnrArea,SalePrice,0.4774930470957107
SalePrice,MasVnrArea,0.4774930470957107
YearBuilt,GarageArea,0.4789538198934912
GarageArea,YearBuilt,0.4789538198934912
FullBath,GarageYrBlt,0.4845573867195183
GarageYrBlt,FullBath,0.4845573867195183
SalePrice,GarageYrBlt,0.48636167748786213
GarageYrBlt,SalePrice,0.48636167748786213
GarageArea,TotalBsmtSF,0.48666546377379655
TotalBsmtSF,GarageArea,0.48666546377379655
GarageArea,1stFlrSF,0.4897816541041915
1stFlrSF,GarageArea,0.4897816541041915
BsmtFinSF1,BsmtUnfSF,0.49525146925701485
BsmtUnfSF,BsmtFinSF1,0.49525146925701485
2ndFlrSF,BedroomAbvGr,0.5029006133459021
BedroomAbvGr,2ndFlrSF,0.5029006133459021
SalePrice,YearRemodAdd,0.5071009671113867
YearRemodAdd,SalePrice,0.5071009671113867
BedroomAbvGr,GrLivArea,0.5212695109189988
GrLivArea,BedroomAbvGr,0.5212695109189988
TotalBsmtSF,BsmtFinSF1,0.5223960519923907
BsmtFinSF1,TotalBsmtSF,0.5223960519923907
SalePrice,YearBuilt,0.5228973328794967
YearBuilt,SalePrice,0.5228973328794967
TotRmsAbvGrd,SalePrice,0.5337231555820238
SalePrice,TotRmsAbvGrd,0.5337231555820238
OverallQual,TotalBsmtSF,0.5378084986123927
TotalBsmtSF,OverallQual,0.5378084986123927
YearBuilt,GarageCars,0.5378500917111045
GarageCars,YearBuilt,0.5378500917111045
OverallQual,GarageYrBlt,0.5477658448351637
GarageYrBlt,OverallQual,0.5477658448351637
OverallQual,FullBath,0.5505997093682552
FullBath,OverallQual,0.5505997093682552
OverallQual,YearRemodAdd,0.550683924194174
YearRemodAdd,OverallQual,0.550683924194174
TotRmsAbvGrd,FullBath,0.5547842535334817
FullBath,TotRmsAbvGrd,0.5547842535334817
FullBath,SalePrice,0.5606637627484452
SalePrice,FullBath,0.5606637627484452
OverallQual,GarageArea,0.5620217566126064
GarageArea,OverallQual,0.5620217566126064
GarageYrBlt,GarageArea,0.5645670607230588
GarageArea,GarageYrBlt,0.5645670607230588
GrLivArea,1stFlrSF,0.5660239689357487
1stFlrSF,GrLivArea,0.5660239689357487
YearBuilt,OverallQual,0.572322768962362
OverallQual,YearBuilt,0.572322768962362
GarageYrBlt,GarageCars,0.5889200070047019
GarageCars,GarageYrBlt,0.5889200070047019
YearRemodAdd,YearBuilt,0.5928549763436497
YearBuilt,YearRemodAdd,0.5928549763436497
OverallQual,GrLivArea,0.5930074300286511
GrLivArea,OverallQual,0.5930074300286511
GarageCars,OverallQual,0.6006707165907189
OverallQual,GarageCars,0.6006707165907189
SalePrice,1stFlrSF,0.6058521846919166
1stFlrSF,SalePrice,0.6058521846919166
2ndFlrSF,HalfBath,0.6097073002717444
HalfBath,2ndFlrSF,0.6097073002717444
TotalBsmtSF,SalePrice,0.6135805515591944
SalePrice,TotalBsmtSF,0.6135805515591944
TotRmsAbvGrd,2ndFlrSF,0.6164226354915353
2ndFlrSF,TotRmsAbvGrd,0.6164226354915353
GarageArea,SalePrice,0.6234314389183598
SalePrice,GarageArea,0.6234314389183598
GrLivArea,FullBath,0.6300116462511144
FullBath,GrLivArea,0.6300116462511144
GarageCars,SalePrice,0.640409197258349
SalePrice,GarageCars,0.640409197258349
YearRemodAdd,GarageYrBlt,0.6422767797035414
GarageYrBlt,YearRemodAdd,0.6422767797035414
BsmtFinSF1,BsmtFullBath,0.6492117535742737
BsmtFullBath,BsmtFinSF1,0.6492117535742737
TotRmsAbvGrd,BedroomAbvGr,0.6766199357426479
BedroomAbvGr,TotRmsAbvGrd,0.6766199357426479
GrLivArea,2ndFlrSF,0.6875010641666008
2ndFlrSF,GrLivArea,0.6875010641666008
SalePrice,GrLivArea,0.7086244776126511
GrLivArea,SalePrice,0.7086244776126511
SalePrice,OverallQual,0.7909816005838047
OverallQual,SalePrice,0.7909816005838047
TotalBsmtSF,1stFlrSF,0.8195299750050355
1stFlrSF,TotalBsmtSF,0.8195299750050355
TotRmsAbvGrd,GrLivArea,0.8254893743088377
GrLivArea,TotRmsAbvGrd,0.8254893743088377
YearBuilt,GarageYrBlt,0.8256674841743434
GarageYrBlt,YearBuilt,0.8256674841743434
GarageArea,GarageCars,0.8824754142814603
GarageCars,GarageArea,0.8824754142814603
Id,Id,1.0
MoSold,MoSold,1.0
LowQualFinSF,LowQualFinSF,1.0
2ndFlrSF,2ndFlrSF,1.0
1stFlrSF,1stFlrSF,1.0
TotalBsmtSF,TotalBsmtSF,1.0
BsmtUnfSF,BsmtUnfSF,1.0
BsmtFinSF2,BsmtFinSF2,1.0
BsmtFinSF1,BsmtFinSF1,1.0
MasVnrArea,MasVnrArea,1.0
YearRemodAdd,YearRemodAdd,1.0
YearBuilt,YearBuilt,1.0
OverallCond,OverallCond,1.0
OverallQual,OverallQual,1.0
LotArea,LotArea,1.0
LotFrontage,LotFrontage,1.0
MSSubClass,MSSubClass,1.0
GrLivArea,GrLivArea,1.0
YrSold,YrSold,1.0
BsmtFullBath,BsmtFullBath,1.0
FullBath,FullBath,1.0
MiscVal,MiscVal,1.0
PoolArea,PoolArea,1.0
ScreenPorch,ScreenPorch,1.0
3SsnPorch,3SsnPorch,1.0
EnclosedPorch,EnclosedPorch,1.0
OpenPorchSF,OpenPorchSF,1.0
WoodDeckSF,WoodDeckSF,1.0
GarageArea,GarageArea,1.0
GarageCars,GarageCars,1.0
GarageYrBlt,GarageYrBlt,1.0
Fireplaces,Fireplaces,1.0
TotRmsAbvGrd,TotRmsAbvGrd,1.0
KitchenAbvGr,KitchenAbvGr,1.0
BedroomAbvGr,BedroomAbvGr,1.0
HalfBath,HalfBath,1.0
BsmtHalfBath,BsmtHalfBath,1.0
SalePrice,SalePrice,1.0
